{
  "ppo": {
    "reward_mean": 431.8920545413873,
    "reward_std": 5.396782907825336,
    "gpu_utilization_mean": 0.9167623538235881,
    "gpu_utilization_std": 0.012505834753303094,
    "mean_wait_mean": 73.44100000000002,
    "mean_wait_std": 14.224293743451726,
    "mean_slowdown_mean": 10.240898247496613,
    "mean_slowdown_std": 1.9211669950640964,
    "throughput_mean": 0.3844613626247421,
    "throughput_std": 0.022391290527057992,
    "completed_jobs_mean": 200.0,
    "completed_jobs_std": 0.0,
    "rewards": [
      436.61194812378034,
      433.52187259070945,
      434.71144486864,
      440.7796423591873,
      431.2328375544792,
      432.7474232392141,
      442.0308076230176,
      438.7170455819428,
      441.1778843098687,
      437.0078906772369,
      431.6420725426204,
      439.22998981712084,
      431.93821421500814,
      433.72884332150966,
      441.22385469576614,
      431.1202633442885,
      440.0274904629263,
      429.036021527451,
      433.7369384741744,
      429.30593669776385,
      428.5838068607612,
      430.1175284895096,
      429.73688171792793,
      432.1639932261681,
      434.51198055111354,
      423.11153665441157,
      424.04052417915335,
      425.7269665602983,
      429.1179893659903,
      426.305545972547,
      426.68481624210955,
      426.634573700073,
      432.10206361215774,
      434.44488814571434,
      426.8698415629757,
      429.0182493267969,
      428.50670448971795,
      426.4724459457381,
      428.0415114294177,
      424.4544107817641,
      437.8513816144921,
      426.6197399847682,
      433.97300789493244,
      434.2358143255908,
      427.041351251229,
      421.427704241377,
      437.56654112192564,
      437.32549906446536,
      431.60778352004274,
      427.6740760856776,
      431.7218483317721,
      432.46977206236846,
      430.4215481000298,
      429.93944932010436,
      428.420613722474,
      435.1845957708564,
      426.64098675516124,
      425.7868291745481,
      435.92290756237,
      437.73704392296503,
      419.63361737738904,
      431.80000700971027,
      430.1857795054266,
      429.86411761160474,
      425.6676400597165,
      437.40703068956896,
      431.7347455398711,
      435.20502184135404,
      425.04457925991767,
      424.1559680717574,
      436.61334676682355,
      435.66590164906626,
      428.39785059528197,
      428.961047403744,
      436.61691800224,
      429.07846924113073,
      429.90863817977436,
      427.0289849097428,
      438.77497524862014,
      427.50343282198196,
      424.0864370803958,
      438.83217582208243,
      439.9530150881355,
      427.2753978479404,
      426.44350308498923,
      421.4497847273121,
      441.23607921624904,
      428.96220326339306,
      434.46342373649424,
      433.7374691748342,
      442.3232834298768,
      424.4653589844003,
      428.1267111201201,
      436.5287208299434,
      443.4895654791571,
      440.26457651228634,
      436.0124095981342,
      434.24657950896824,
      437.10032875129986,
      435.2171844297932
    ]
  },
  "fcfs": {
    "reward_mean": 435.2753476018146,
    "reward_std": 5.123501166931435,
    "gpu_utilization_mean": 0.9680969924913111,
    "gpu_utilization_std": 0.009248017240663774,
    "mean_wait_mean": 79.06354999999999,
    "mean_wait_std": 15.297917346733836,
    "mean_slowdown_mean": 11.811189063033414,
    "mean_slowdown_std": 2.145482455537002,
    "throughput_mean": 0.4059283405241609,
    "throughput_std": 0.02221025091832625,
    "completed_jobs_mean": 200.0,
    "completed_jobs_std": 0.0,
    "rewards": [
      443.3888612472003,
      436.7800724111256,
      435.9314952136862,
      442.7966191646195,
      433.413630997741,
      434.97553542412265,
      443.1885463145186,
      443.03577965280493,
      443.63522555659995,
      444.0936090089402,
      437.2192604672458,
      444.3523180645242,
      435.7730368313693,
      436.3123215771355,
      443.6652035545079,
      436.77205627178705,
      442.12295221798206,
      432.32261312044153,
      435.4443090594582,
      435.34930819150804,
      431.834931171916,
      431.7012967882854,
      432.0055565033126,
      431.92383567885184,
      437.5979142083466,
      427.4993772257067,
      433.5646555043851,
      429.10605210600664,
      431.0903294322419,
      433.7158808152747,
      429.79521680580376,
      433.361443069416,
      433.2731061366048,
      438.60115064095237,
      429.37005430034503,
      430.55796364070983,
      432.03196895254837,
      426.85657956646014,
      428.6617477307495,
      432.8726269727696,
      444.80728739109196,
      429.0448613737251,
      437.285655506571,
      436.54589562947075,
      433.83626771600206,
      427.0391956182442,
      441.02691411058356,
      437.0234548104753,
      436.09655636930205,
      433.95434700029466,
      436.04398014760596,
      432.5198699379847,
      436.58298079469995,
      434.7290903916123,
      432.2503630418933,
      440.43210315806095,
      429.2438756415446,
      427.9660699909312,
      437.3981922612858,
      438.29629278881777,
      423.64286066927866,
      434.5332067929347,
      435.04895151587846,
      433.8514736538279,
      426.4176592454171,
      441.0851850754369,
      432.859626817049,
      438.1596591901224,
      430.2623811407543,
      423.1864753467497,
      438.8582318331048,
      436.8062512235874,
      437.4180948810825,
      430.74779727721574,
      440.9223889289993,
      437.91114917224706,
      432.86344631703275,
      434.23189997227996,
      436.60272629268974,
      430.2871557441279,
      428.832180886968,
      442.85440284648445,
      439.0765335811709,
      428.8276051427861,
      428.974062127967,
      428.37599647198454,
      440.55302045946655,
      432.57347963205393,
      435.7859215579754,
      437.30876542375256,
      441.93453502913667,
      429.4726502796133,
      433.8922318590857,
      441.7621250362327,
      448.46265279140476,
      440.96576966636445,
      438.01576071693495,
      436.9854058624961,
      440.4714341347917,
      438.59591030675585
    ]
  },
  "sjf": {
    "reward_mean": 434.06903988893623,
    "reward_std": 5.84073127142515,
    "gpu_utilization_mean": 0.9374749312893161,
    "gpu_utilization_std": 0.0118181566945563,
    "mean_wait_mean": 59.1572,
    "mean_wait_std": 13.75596945547641,
    "mean_slowdown_mean": 7.870935935904481,
    "mean_slowdown_std": 1.8041963368954352,
    "throughput_mean": 0.3931376762232601,
    "throughput_std": 0.022640108421404678,
    "completed_jobs_mean": 200.0,
    "completed_jobs_std": 0.0,